dealershipagent_id,dealershipagent_name,dealershipagent_phone
9,Valli Lowis,405-963-8178
30,Susann Guyonneau,771-974-6350
51,Daniele Imason,189-369-8663
72,Anne-marie Gillcrist,293-371-7123
93,Robin McCaughan,222-374-6628
114,Gayla Shanks,899-864-0852
135,Cynthia Kelshaw,973-288-3095
156,Janette Boden,384-508-8082
177,Jada Marchent,597-760-1647
198,Arlyne Halsey,219-872-6434
219,Zea De Bruijn,254-772-5147
240,Rora Flores,897-550-7381
261,Hirsch Pandie,915-154-4980
282,Reade Pilgram,641-461-0808
303,Chris Fillary,204-188-4977
324,Monti Segar,693-459-8557
345,Tomi Threlkeld,413-712-8169
366,Karleen Elliman,105-360-3068
387,Ailene Twiddy,185-113-4584
408,Marja Melly,655-164-3449
429,Kippy Dadley,988-367-4764
450,Mitchael Wegner,640-322-3482
471,Itch Loutheane,108-791-2238
492,Aura Rushbrook,840-123-8510
513,Willabella Robe,363-362-6158
534,Horace Allot,500-814-8207
555,Jere Newgrosh,555-887-9491
576,Gabrielle Kohler,295-221-8267
597,Rycca Batkin,717-120-2819
618,Janaye Meharg,711-291-8124
639,Burtie Bonome,945-313-8515
660,La verne Fesby,389-818-9082
681,Victoir Salvati,583-276-2121
702,Allissa Twell,537-692-1706
723,Norbert Marzelli,982-496-8507
744,Etty Kintzel,854-840-2462
765,Welbie Guillon,139-528-8299
786,Moira Toxell,375-637-4574
807,Oliver Bliben,909-810-8366
828,Pepito Marcoolyn,847-726-7164
849,Brittney Travis,165-806-4768
870,Peter Stronack,666-327-3818
891,Lorrayne Ryland,794-319-9041
912,Errol Barthram,520-828-7051
933,Davina Trail,258-486-2195
954,Elysha Calderonello,349-245-5662
975,Pat Fradgley,201-899-2902
996,Valeria Bridgwood,731-723-0904
1017,Justino Opfer,222-632-3013
1038,Cherrita Franzel,192-269-8239
1059,Evelin Gruszka,598-903-8041
1080,Arnold Lethieulier,429-589-6234
1101,Penelope Flaws,988-757-0495
1122,Nevins Castrillo,442-406-7949
1143,Suzann Bramble,276-749-6873
1164,Baron MacCahey,475-464-3952
1185,Goldie Cranson,904-221-2504
1206,Ada Ortelt,326-350-5953
1227,Rip Minto,761-255-8780
1248,Loreen Crocetto,702-299-7492
1269,Mark Odegaard,362-456-2635
1290,Jessalyn Matteucci,453-483-8973
1311,Nelson Smetoun,664-396-4276
1332,Madalyn Andrzejowski,191-538-0798
1353,Giles Laxston,406-741-2550
1374,Kissiah Kimbell,824-716-4444
1395,Town Orrum,759-659-9670
1416,Huntley Vedeniktov,424-239-5948
1437,Hedwiga Mulvey,870-129-1119
1458,Brandice Aronovich,184-449-9960
1479,Ben Jackways,199-326-5338
1500,Wandie Northridge,772-235-4548
1521,Aldric Saby,651-756-1140
1542,Phaidra Fossett,147-292-7721
1563,Silvano Peris,975-880-1114
1584,Kylie Ebbrell,852-414-0511
1605,Wallis Gertz,418-131-1008
1626,Avie Ripper,316-422-0982
1647,Winna Banks,216-645-4433
1668,Leonanie Redhead,220-290-3326
1689,Olivette Sapsford,686-671-5221
1710,Magda Shama,327-876-3810
1731,Brannon Weigh,885-356-2068
1752,Yancy Eudall,936-208-6141
1773,Mathilde Raymond,278-400-6534
1794,Massimo Ruse,450-507-2929
1815,Deirdre Filchakov,553-708-0442
1836,Denny Dupree,590-411-6652
1857,Kellia Selesnick,480-415-0355
1878,Annabelle Wyke,124-539-7336
1899,Garland Gaydon,133-966-2072
1920,Layla Van den Broek,494-245-3043
1941,Marcelline Cottle,342-155-0001
1962,Lexis Spellsworth,423-799-2039
1983,Daisie Ellis,390-552-5815
2004,Burnard Detoc,344-400-6090
2025,Katharine O'Keefe,516-560-9746
2046,Magda Copin,296-107-0951
2067,Myca McManamen,254-950-9146
2088,Katee Garrish,512-699-8613
2109,Charis Lewendon,429-582-2445
2130,Sully Harvard,831-800-2327
2151,Creight Hiscoke,338-911-7817
2172,Ravi Breukelman,314-294-0427
2193,Camile Thatcham,829-345-9165
2214,Kayle Masden,205-477-0065
2235,Dyann Ripon,685-608-4982
2256,Muriel Pirolini,764-604-4106
2277,Bealle Bloxam,814-635-1749
2298,Veriee Serot,364-784-7001
2319,Stefano Teeney,398-764-2266
2340,Sylvester Wigan,152-334-2161
2361,Seymour Beeden,621-416-8890
2382,Torey Hadingham,947-618-5452
2403,Britni Cabena,987-413-3551
2424,Darbie Svanetti,389-858-8076
2445,Elsy Kuschel,196-801-9784
2466,Gunilla Furby,281-724-6391
2487,Carolina Lackey,242-173-4267
2508,Mel Rubinowitsch,753-115-0988
2529,Gaylene Noods,724-382-5156
2550,Cilka Perrigo,557-489-6171
2571,Patric Pasley,191-662-2334
2592,Neilla Rathbourne,528-564-7355
2613,Dalt Gadson,352-166-8832
2634,Philomena Recher,779-773-4902
2655,Amelia Raywood,302-558-0897
2676,Franciska Gulc,834-608-3147
2697,Marley Jessop,629-577-1417
2718,Zarla Iddons,919-700-0901
2739,Flore Fairholm,161-833-4127
2760,Stu Nickell,261-427-3886
2781,Selia Watson-Brown,567-352-2522
2802,Saleem Ellit,592-888-6397
2823,Valida Viant,697-426-5897
2844,Genia Tuny,752-622-2857
2865,Kelci Mocker,235-833-4954
2886,Tessy Shepcutt,945-252-6323
2907,Decca Steptow,703-493-2576
2928,Nat Casewell,474-811-9496
2949,Philippa Yacobsohn,738-586-9130
2970,Joanna Lesly,169-316-0844
2991,Roddy Ainslie,559-762-1836
3012,Phyllys Celle,188-612-8918
3033,Richard Ebden,928-823-5010
3054,Theressa Karp,122-864-9946
3075,Aldus Elder,460-375-9654
3096,Eldin Havile,218-446-4656
3117,Allix Conahy,237-650-6196
3138,Clarette Bing,593-330-2167
